{"v":"5.5.7","meta":{"g":"LottieFiles AE 0.1.20","a":"","k":"","d":"","tc":"#000000"},"fr":60,"ip":0,"op":318,"w":512,"h":512,"nm":"Google Assistant","ddd":0,"assets":[],"layers":[{"ddd":0,"ind":1,"ty":4,"nm":"Blue 2","sr":1,"ks":{"o":{"a":0,"k":100,"ix":11},"r":{"a":0,"k":0,"ix":10},"p":{"s":true,"x":{"a":1,"k":[{"i":{"x":[0.512],"y":[1]},"o":{"x":[0.279],"y":[0]},"t":187,"s":[208.416]},{"t":217.33984375,"s":[150.552]}],"ix":3},"y":{"a":1,"k":[{"i":{"x":[0.363],"y":[1]},"o":{"x":[0.442],"y":[0]},"t":187,"s":[213.872]},{"i":{"x":[0.455],"y":[0.999]},"o":{"x":[0.306],"y":[0]},"t":211.264,"s":[202.113]},{"i":{"x":[0.612],"y":[1]},"o":{"x":[0.6],"y":[-0.002]},"t":234.16,"s":[287.795]},{"i":{"x":[0.365],"y":[1]},"o":{"x":[0.36],"y":[0]},"t":264.727,"s":[222.644]},{"t":283.06640625,"s":[256]}],"ix":4}},"a":{"a":0,"k":[-105.448,0,0],"ix":1},"s":{"a":1,"k":[{"i":{"x":[0.521,0.521,0.667],"y":[1,1,1]},"o":{"x":[0.518,0.518,0.167],"y":[0.187,0.187,0]},"t":204.893,"s":[416,416,100]},{"i":{"x":[0.565,0.565,0.667],"y":[1,1,1]},"o":{"x":[0.542,0.542,0.333],"y":[0,0,0]},"t":237.564,"s":[100,100,100]},{"i":{"x":[0.833,0.833,0.833],"y":[1,1,1]},"o":{"x":[0.682,0.682,0.001],"y":[0,0,0]},"t":266.35,"s":[100,100,100]},{"t":283,"s":[0,0,100]}],"ix":6}},"ao":0,"shapes":[{"ty":"gr","it":[{"ind":0,"ty":"sh","ix":1,"ks":{"a":0,"k":{"i":[[-9.838,0],[0,-9.838],[9.838,0],[0,9.838]],"o":[[9.838,0],[0,9.838],[-9.838,0],[0,-9.838]],"v":[[-105.448,-17.825],[-87.624,0],[-105.448,17.825],[-123.273,0]],"c":true},"ix":2},"nm":"Path 1","mn":"ADBE Vector Shape - Group","hd":false},{"ty":"fl","c":{"a":0,"k":[0.258823543787,0.521568655968,0.956862747669,1],"ix":4},"o":{"a":0,"k":100,"ix":5},"r":1,"bm":0,"nm":"Fill 1","mn":"ADBE Vector Graphic - Fill","hd":false},{"ty":"tr","p":{"a":0,"k":[0,0],"ix":2},"a":{"a":0,"k":[0,0],"ix":1},"s":{"a":0,"k":[100,100],"ix":3},"r":{"a":0,"k":0,"ix":6},"o":{"a":0,"k":100,"ix":7},"sk":{"a":0,"k":0,"ix":4},"sa":{"a":0,"k":0,"ix":5},"nm":"Transform"}],"nm":"Group 1","np":2,"cix":2,"bm":0,"ix":1,"mn":"ADBE Vector Group","hd":false}],"ip":187,"op":347,"st":179,"bm":0},{"ddd":0,"ind":2,"ty":4,"nm":"Red 2","sr":1,"ks":{"o":{"a":0,"k":100,"ix":11},"r":{"a":0,"k":0,"ix":10},"p":{"s":true,"x":{"a":1,"k":[{"i":{"x":[0.58],"y":[1]},"o":{"x":[0.42],"y":[0]},"t":189.619,"s":[320.558]},{"t":225.42578125,"s":[220.851]}],"ix":3},"y":{"a":1,"k":[{"i":{"x":[0.363],"y":[1]},"o":{"x":[0.442],"y":[0]},"t":189.637,"s":[258.122]},{"i":{"x":[0.455],"y":[0.999]},"o":{"x":[0.306],"y":[0]},"t":211.355,"s":[205]},{"i":{"x":[0.612],"y":[1]},"o":{"x":[0.6],"y":[-0.001]},"t":246.678,"s":[287.795]},{"i":{"x":[0.365],"y":[1]},"o":{"x":[0.36],"y":[0]},"t":274.334,"s":[222.644]},{"t":289,"s":[256]}],"ix":4}},"a":{"a":0,"k":[-35.149,0,0],"ix":1},"s":{"a":1,"k":[{"i":{"x":[0.831,0.831,0.833],"y":[1,1,1]},"o":{"x":[0,0,0],"y":[0,0,0]},"t":189.619,"s":[173,173,100]},{"i":{"x":[0.565,0.565,0.667],"y":[1,1,1]},"o":{"x":[0.611,0.611,0.167],"y":[0,0,0]},"t":205.195,"s":[100,100,100]},{"i":{"x":[0.833,0.833,0.833],"y":[1,1,1]},"o":{"x":[0.682,0.682,0.001],"y":[0,0,0]},"t":274,"s":[100,100,100]},{"t":288.845703125,"s":[0,0,100]}],"ix":6}},"ao":0,"shapes":[{"ty":"gr","it":[{"ind":0,"ty":"sh","ix":1,"ks":{"a":0,"k":{"i":[[-9.838,0],[0,-9.838],[9.838,0],[0,9.838]],"o":[[9.838,0],[0,9.838],[-9.838,0],[0,-9.838]],"v":[[-35.149,-17.825],[-17.325,0],[-35.149,17.825],[-52.974,0]],"c":true},"ix":2},"nm":"Path 1","mn":"ADBE Vector Shape - Group","hd":false},{"ty":"fl","c":{"a":0,"k":[0.917647063732,0.262745112181,0.207843139768,1],"ix":4},"o":{"a":0,"k":100,"ix":5},"r":1,"bm":0,"nm":"Fill 1","mn":"ADBE Vector Graphic - Fill","hd":false},{"ty":"tr","p":{"a":0,"k":[0,0],"ix":2},"a":{"a":0,"k":[0,0],"ix":1},"s":{"a":0,"k":[100,100],"ix":3},"r":{"a":0,"k":0,"ix":6},"o":{"a":0,"k":100,"ix":7},"sk":{"a":0,"k":0,"ix":4},"sa":{"a":0,"k":0,"ix":5},"nm":"Transform"}],"nm":"Group 1","np":2,"cix":2,"bm":0,"ix":1,"mn":"ADBE Vector Group","hd":false}],"ip":187,"op":347,"st":179,"bm":0},{"ddd":0,"ind":3,"ty":4,"nm":"Yellow 2","sr":1,"ks":{"o":{"a":0,"k":100,"ix":11},"r":{"a":0,"k":0,"ix":10},"p":{"s":true,"x":{"a":1,"k":[{"i":{"x":[0.58],"y":[1]},"o":{"x":[0.42],"y":[0]},"t":191.791,"s":[320.558]},{"t":224.978515625,"s":[291.15]}],"ix":3},"y":{"a":1,"k":[{"i":{"x":[0.363],"y":[1]},"o":{"x":[0.442],"y":[0]},"t":201.334,"s":[336.319]},{"i":{"x":[0.455],"y":[0.999]},"o":{"x":[0.306],"y":[0]},"t":229.346,"s":[227.132]},{"i":{"x":[0.612],"y":[1]},"o":{"x":[0.6],"y":[-0.002]},"t":252.051,"s":[287.795]},{"i":{"x":[0.365],"y":[1]},"o":{"x":[0.36],"y":[0]},"t":279.125,"s":[222.644]},{"t":295,"s":[256]}],"ix":4}},"a":{"a":0,"k":[35.15,0,0],"ix":1},"s":{"a":1,"k":[{"i":{"x":[0.667,0.667,0.667],"y":[1,1,1]},"o":{"x":[0.12,0.12,0.167],"y":[0.017,0.017,0]},"t":194.527,"s":[205,205,100]},{"i":{"x":[0.565,0.565,0.667],"y":[1,1,1]},"o":{"x":[0.563,0.563,0.333],"y":[14.255,14.255,0]},"t":214.947,"s":[100,100,100]},{"i":{"x":[0.833,0.833,0.833],"y":[1,1,1]},"o":{"x":[0.682,0.682,0.001],"y":[0,0,0]},"t":280,"s":[100,100,100]},{"t":294.84765625,"s":[0,0,100]}],"ix":6}},"ao":0,"shapes":[{"ty":"gr","it":[{"ind":0,"ty":"sh","ix":1,"ks":{"a":0,"k":{"i":[[-9.838,0],[0,-9.838],[9.838,0],[0,9.838]],"o":[[9.838,0],[0,9.838],[-9.838,0],[0,-9.838]],"v":[[35.15,-17.825],[52.974,0],[35.15,17.825],[17.325,0]],"c":true},"ix":2},"nm":"Path 1","mn":"ADBE Vector Shape - Group","hd":false},{"ty":"fl","c":{"a":0,"k":[0.984313726425,0.737254917622,0.019607843831,1],"ix":4},"o":{"a":0,"k":100,"ix":5},"r":1,"bm":0,"nm":"Fill 1","mn":"ADBE Vector Graphic - Fill","hd":false},{"ty":"tr","p":{"a":0,"k":[0,0],"ix":2},"a":{"a":0,"k":[0,0],"ix":1},"s":{"a":0,"k":[100,100],"ix":3},"r":{"a":0,"k":0,"ix":6},"o":{"a":0,"k":100,"ix":7},"sk":{"a":0,"k":0,"ix":4},"sa":{"a":0,"k":0,"ix":5},"nm":"Transform"}],"nm":"Group 1","np":2,"cix":2,"bm":0,"ix":1,"mn":"ADBE Vector Group","hd":false}],"ip":187,"op":347,"st":179,"bm":0},{"ddd":0,"ind":4,"ty":4,"nm":"Green 2","sr":1,"ks":{"o":{"a":0,"k":100,"ix":11},"r":{"a":0,"k":0,"ix":10},"p":{"s":true,"x":{"a":1,"k":[{"i":{"x":[0.915],"y":[1]},"o":{"x":[0.358],"y":[0]},"t":189.91,"s":[362.99]},{"t":228.70703125,"s":[361.449]}],"ix":3},"y":{"a":1,"k":[{"i":{"x":[0.438],"y":[1]},"o":{"x":[0.167],"y":[0]},"t":191,"s":[221.146]},{"i":{"x":[0.455],"y":[1]},"o":{"x":[0.442],"y":[0]},"t":221,"s":[188.159]},{"i":{"x":[0.612],"y":[1]},"o":{"x":[0.6],"y":[-0.004]},"t":255.123,"s":[287.795]},{"i":{"x":[0.365],"y":[1]},"o":{"x":[0.36],"y":[0]},"t":285.666,"s":[222.644]},{"t":306,"s":[256]}],"ix":4}},"a":{"a":0,"k":[105.449,0,0],"ix":1},"s":{"a":1,"k":[{"i":{"x":[0.667,0.667,0.667],"y":[1,1,1]},"o":{"x":[0.333,0.333,0.333],"y":[0,0,0]},"t":212.199,"s":[83,83,100]},{"i":{"x":[0.667,0.667,0.667],"y":[1,1,1]},"o":{"x":[0.333,0.333,0.333],"y":[0,0,0]},"t":251.82,"s":[100,100,100]},{"i":{"x":[0.833,0.833,0.833],"y":[1,1,1]},"o":{"x":[0.333,0.333,0.333],"y":[0,0,0]},"t":286,"s":[100,100,100]},{"t":306,"s":[0,0,100]}],"ix":6}},"ao":0,"shapes":[{"ty":"gr","it":[{"ind":0,"ty":"sh","ix":1,"ks":{"a":0,"k":{"i":[[-9.838,0],[0,-9.838],[9.838,0],[0,9.838]],"o":[[9.838,0],[0,9.838],[-9.838,0],[0,-9.838]],"v":[[105.449,-17.825],[123.273,0],[105.449,17.825],[87.624,0]],"c":true},"ix":2},"nm":"Path 1","mn":"ADBE Vector Shape - Group","hd":false},{"ty":"fl","c":{"a":0,"k":[0.203921571374,0.658823549747,0.32549020648,1],"ix":4},"o":{"a":0,"k":100,"ix":5},"r":1,"bm":0,"nm":"Fill 1","mn":"ADBE Vector Graphic - Fill","hd":false},{"ty":"tr","p":{"a":0,"k":[0,0],"ix":2},"a":{"a":0,"k":[0,0],"ix":1},"s":{"a":0,"k":[100,100],"ix":3},"r":{"a":0,"k":0,"ix":6},"o":{"a":0,"k":100,"ix":7},"sk":{"a":0,"k":0,"ix":4},"sa":{"a":0,"k":0,"ix":5},"nm":"Transform"}],"nm":"Group 1","np":2,"cix":2,"bm":0,"ix":1,"mn":"ADBE Vector Group","hd":false}],"ip":187,"op":347,"st":179,"bm":0},{"ddd":0,"ind":5,"ty":4,"nm":"Blue","sr":1,"ks":{"o":{"a":0,"k":100,"ix":11},"r":{"a":0,"k":0,"ix":10},"p":{"s":true,"x":{"a":1,"k":[{"i":{"x":[0.33],"y":[1]},"o":{"x":[0.284],"y":[0]},"t":107,"s":[150.552]},{"t":130,"s":[208.416]}],"ix":3},"y":{"a":1,"k":[{"i":{"x":[0.547],"y":[1]},"o":{"x":[0.053],"y":[0.166]},"t":11,"s":[256]},{"i":{"x":[0.514],"y":[1]},"o":{"x":[0.664],"y":[0]},"t":21,"s":[221.414]},{"i":{"x":[0.636],"y":[1]},"o":{"x":[0.418],"y":[0]},"t":45,"s":[285.87]},{"i":{"x":[0.609],"y":[1]},"o":{"x":[0.508],"y":[0]},"t":74,"s":[241.711]},{"i":{"x":[0.411],"y":[0.986]},"o":{"x":[0.555],"y":[0]},"t":97,"s":[256]},{"i":{"x":[0.667],"y":[1]},"o":{"x":[0.445],"y":[-0.048]},"t":135,"s":[213.872]},{"i":{"x":[0.667],"y":[1]},"o":{"x":[0.308],"y":[0]},"t":162,"s":[220.307]},{"t":184,"s":[213.872]}],"ix":4}},"a":{"a":0,"k":[-105.448,0,0],"ix":1},"s":{"a":1,"k":[{"i":{"x":[0.368,0.368,0.66],"y":[1,1,1]},"o":{"x":[0.268,0.268,0.333],"y":[0,0,0]},"t":11,"s":[0,0,100]},{"i":{"x":[0.667,0.667,0.667],"y":[1,1,1]},"o":{"x":[0.105,0.105,0.252],"y":[0,0,0]},"t":45,"s":[100,100,100]},{"i":{"x":[0.091,0.091,0.667],"y":[1,1,1]},"o":{"x":[0.243,0.243,0.333],"y":[0,0,0]},"t":107,"s":[100,100,100]},{"t":142,"s":[416,416,100]}],"ix":6}},"ao":0,"shapes":[{"ty":"gr","it":[{"ind":0,"ty":"sh","ix":1,"ks":{"a":0,"k":{"i":[[-9.838,0],[0,-9.838],[9.838,0],[0,9.838]],"o":[[9.838,0],[0,9.838],[-9.838,0],[0,-9.838]],"v":[[-105.448,-17.825],[-87.624,0],[-105.448,17.825],[-123.273,0]],"c":true},"ix":2},"nm":"Path 1","mn":"ADBE Vector Shape - Group","hd":false},{"ty":"fl","c":{"a":0,"k":[0.258823543787,0.521568655968,0.956862747669,1],"ix":4},"o":{"a":0,"k":100,"ix":5},"r":1,"bm":0,"nm":"Fill 1","mn":"ADBE Vector Graphic - Fill","hd":false},{"ty":"tr","p":{"a":0,"k":[0,0],"ix":2},"a":{"a":0,"k":[0,0],"ix":1},"s":{"a":0,"k":[100,100],"ix":3},"r":{"a":0,"k":0,"ix":6},"o":{"a":0,"k":100,"ix":7},"sk":{"a":0,"k":0,"ix":4},"sa":{"a":0,"k":0,"ix":5},"nm":"Transform"}],"nm":"Group 1","np":2,"cix":2,"bm":0,"ix":1,"mn":"ADBE Vector Group","hd":false}],"ip":0,"op":187,"st":0,"bm":0},{"ddd":0,"ind":6,"ty":4,"nm":"Red","sr":1,"ks":{"o":{"a":0,"k":100,"ix":11},"r":{"a":0,"k":0,"ix":10},"p":{"s":true,"x":{"a":1,"k":[{"i":{"x":[0.547],"y":[1]},"o":{"x":[0.304],"y":[0]},"t":102.902,"s":[220.851]},{"t":133.66015625,"s":[320.558]}],"ix":3},"y":{"a":1,"k":[{"i":{"x":[0.547],"y":[1]},"o":{"x":[0.053],"y":[0.166]},"t":19,"s":[256]},{"i":{"x":[0.514],"y":[1]},"o":{"x":[0.664],"y":[0]},"t":29,"s":[221.414]},{"i":{"x":[0.636],"y":[1]},"o":{"x":[0.418],"y":[0]},"t":53,"s":[285.87]},{"i":{"x":[0.609],"y":[1]},"o":{"x":[0.508],"y":[0]},"t":82,"s":[241.711]},{"i":{"x":[0.276],"y":[0.675]},"o":{"x":[0.555],"y":[0]},"t":105,"s":[256]},{"i":{"x":[0.667],"y":[1]},"o":{"x":[0.167],"y":[0]},"t":133.66,"s":[258.122]},{"i":{"x":[0.667],"y":[1]},"o":{"x":[0.333],"y":[0]},"t":155.896,"s":[268.122]},{"t":185.53515625,"s":[258.122]}],"ix":4}},"a":{"a":0,"k":[-35.149,0,0],"ix":1},"s":{"a":1,"k":[{"i":{"x":[0.368,0.368,0.66],"y":[1,1,1]},"o":{"x":[0.268,0.268,0.333],"y":[0,0,0]},"t":19,"s":[0,0,100]},{"i":{"x":[0.667,0.667,0.667],"y":[1,1,1]},"o":{"x":[0.105,0.105,0.252],"y":[0,0,0]},"t":53,"s":[100,100,100]},{"i":{"x":[0.091,0.091,0.667],"y":[1,1,1]},"o":{"x":[0.418,0.418,0.333],"y":[0,0,0]},"t":103,"s":[100,100,100]},{"t":134,"s":[173,173,100]}],"ix":6}},"ao":0,"shapes":[{"ty":"gr","it":[{"ind":0,"ty":"sh","ix":1,"ks":{"a":0,"k":{"i":[[-9.838,0],[0,-9.838],[9.838,0],[0,9.838]],"o":[[9.838,0],[0,9.838],[-9.838,0],[0,-9.838]],"v":[[-35.149,-17.825],[-17.325,0],[-35.149,17.825],[-52.974,0]],"c":true},"ix":2},"nm":"Path 1","mn":"ADBE Vector Shape - Group","hd":false},{"ty":"fl","c":{"a":0,"k":[0.917647063732,0.262745112181,0.207843139768,1],"ix":4},"o":{"a":0,"k":100,"ix":5},"r":1,"bm":0,"nm":"Fill 1","mn":"ADBE Vector Graphic - Fill","hd":false},{"ty":"tr","p":{"a":0,"k":[0,0],"ix":2},"a":{"a":0,"k":[0,0],"ix":1},"s":{"a":0,"k":[100,100],"ix":3},"r":{"a":0,"k":0,"ix":6},"o":{"a":0,"k":100,"ix":7},"sk":{"a":0,"k":0,"ix":4},"sa":{"a":0,"k":0,"ix":5},"nm":"Transform"}],"nm":"Group 1","np":2,"cix":2,"bm":0,"ix":1,"mn":"ADBE Vector Group","hd":false}],"ip":0,"op":187,"st":0,"bm":0},{"ddd":0,"ind":7,"ty":4,"nm":"Yellow","sr":1,"ks":{"o":{"a":0,"k":100,"ix":11},"r":{"a":0,"k":0,"ix":10},"p":{"s":true,"x":{"a":1,"k":[{"i":{"x":[0.667],"y":[1]},"o":{"x":[0.077],"y":[0]},"t":100,"s":[291.15]},{"t":132,"s":[320.558]}],"ix":3},"y":{"a":1,"k":[{"i":{"x":[0.547],"y":[1]},"o":{"x":[0.053],"y":[0.166]},"t":26,"s":[256]},{"i":{"x":[0.514],"y":[1]},"o":{"x":[0.664],"y":[0]},"t":36,"s":[221.414]},{"i":{"x":[0.636],"y":[1]},"o":{"x":[0.418],"y":[0]},"t":60,"s":[285.87]},{"i":{"x":[0.667],"y":[1]},"o":{"x":[0.508],"y":[0]},"t":89,"s":[241.711]},{"i":{"x":[0.367],"y":[1]},"o":{"x":[0.333],"y":[0]},"t":132,"s":[351.886]},{"i":{"x":[0.833],"y":[1]},"o":{"x":[0.167],"y":[0]},"t":150,"s":[335.845]},{"i":{"x":[0.367],"y":[1]},"o":{"x":[0.167],"y":[0]},"t":168,"s":[345.845]},{"t":187,"s":[335.845]}],"ix":4}},"a":{"a":0,"k":[35.15,0,0],"ix":1},"s":{"a":1,"k":[{"i":{"x":[0.368,0.368,0.66],"y":[1,1,1]},"o":{"x":[0.268,0.268,0.333],"y":[0,0,0]},"t":26,"s":[0,0,100]},{"i":{"x":[0.667,0.667,0.667],"y":[2.308,2.308,1]},"o":{"x":[0.105,0.105,0.252],"y":[0,0,0]},"t":60,"s":[100,100,100]},{"i":{"x":[0.441,0.441,0.667],"y":[1.017,1.017,1]},"o":{"x":[0.184,0.184,0.333],"y":[0,0,0]},"t":100,"s":[100,100,100]},{"t":132,"s":[205,205,100]}],"ix":6}},"ao":0,"shapes":[{"ty":"gr","it":[{"ind":0,"ty":"sh","ix":1,"ks":{"a":0,"k":{"i":[[-9.838,0],[0,-9.838],[9.838,0],[0,9.838]],"o":[[9.838,0],[0,9.838],[-9.838,0],[0,-9.838]],"v":[[35.15,-17.825],[52.974,0],[35.15,17.825],[17.325,0]],"c":true},"ix":2},"nm":"Path 1","mn":"ADBE Vector Shape - Group","hd":false},{"ty":"fl","c":{"a":0,"k":[0.984313726425,0.737254917622,0.019607843831,1],"ix":4},"o":{"a":0,"k":100,"ix":5},"r":1,"bm":0,"nm":"Fill 1","mn":"ADBE Vector Graphic - Fill","hd":false},{"ty":"tr","p":{"a":0,"k":[0,0],"ix":2},"a":{"a":0,"k":[0,0],"ix":1},"s":{"a":0,"k":[100,100],"ix":3},"r":{"a":0,"k":0,"ix":6},"o":{"a":0,"k":100,"ix":7},"sk":{"a":0,"k":0,"ix":4},"sa":{"a":0,"k":0,"ix":5},"nm":"Transform"}],"nm":"Group 1","np":2,"cix":2,"bm":0,"ix":1,"mn":"ADBE Vector Group","hd":false}],"ip":0,"op":187,"st":0,"bm":0},{"ddd":0,"ind":8,"ty":4,"nm":"Green","sr":1,"ks":{"o":{"a":0,"k":100,"ix":11},"r":{"a":0,"k":0,"ix":10},"p":{"s":true,"x":{"a":1,"k":[{"i":{"x":[0.741],"y":[1]},"o":{"x":[0.172],"y":[0]},"t":105.016,"s":[361.449]},{"t":137,"s":[362.99]}],"ix":3},"y":{"a":1,"k":[{"i":{"x":[0.547],"y":[1]},"o":{"x":[0.053],"y":[0.166]},"t":32,"s":[256]},{"i":{"x":[0.514],"y":[1]},"o":{"x":[0.664],"y":[0]},"t":42,"s":[221.414]},{"i":{"x":[0.636],"y":[1]},"o":{"x":[0.418],"y":[0]},"t":66,"s":[285.87]},{"i":{"x":[0.609],"y":[1]},"o":{"x":[0.508],"y":[0]},"t":95,"s":[241.711]},{"i":{"x":[0.369],"y":[1]},"o":{"x":[0.233],"y":[0]},"t":118,"s":[256]},{"i":{"x":[0.667],"y":[1]},"o":{"x":[0.167],"y":[0]},"t":137,"s":[221.146]},{"i":{"x":[0.667],"y":[1]},"o":{"x":[0.333],"y":[0]},"t":163.361,"s":[231.146]},{"t":187,"s":[221.146]}],"ix":4}},"a":{"a":0,"k":[105.449,0,0],"ix":1},"s":{"a":1,"k":[{"i":{"x":[0.368,0.368,0.66],"y":[1,1,1]},"o":{"x":[0.268,0.268,0.333],"y":[0,0,0]},"t":32,"s":[0,0,100]},{"i":{"x":[0.667,0.667,0.667],"y":[1,1,1]},"o":{"x":[0.105,0.105,0.252],"y":[0,0,0]},"t":66,"s":[100,100,100]},{"i":{"x":[0.091,0.091,0.667],"y":[1,1,1]},"o":{"x":[0.418,0.418,0.333],"y":[0,0,0]},"t":105,"s":[100,100,100]},{"t":137,"s":[83,83,100]}],"ix":6}},"ao":0,"shapes":[{"ty":"gr","it":[{"ind":0,"ty":"sh","ix":1,"ks":{"a":0,"k":{"i":[[-9.838,0],[0,-9.838],[9.838,0],[0,9.838]],"o":[[9.838,0],[0,9.838],[-9.838,0],[0,-9.838]],"v":[[105.449,-17.825],[123.273,0],[105.449,17.825],[87.624,0]],"c":true},"ix":2},"nm":"Path 1","mn":"ADBE Vector Shape - Group","hd":false},{"ty":"fl","c":{"a":0,"k":[0.203921571374,0.658823549747,0.32549020648,1],"ix":4},"o":{"a":0,"k":100,"ix":5},"r":1,"bm":0,"nm":"Fill 1","mn":"ADBE Vector Graphic - Fill","hd":false},{"ty":"tr","p":{"a":0,"k":[0,0],"ix":2},"a":{"a":0,"k":[0,0],"ix":1},"s":{"a":0,"k":[100,100],"ix":3},"r":{"a":0,"k":0,"ix":6},"o":{"a":0,"k":100,"ix":7},"sk":{"a":0,"k":0,"ix":4},"sa":{"a":0,"k":0,"ix":5},"nm":"Transform"}],"nm":"Group 1","np":2,"cix":2,"bm":0,"ix":1,"mn":"ADBE Vector Group","hd":false}],"ip":0,"op":187,"st":0,"bm":0}],"markers":[]}